"district_id","state_id","n_sample","muslim_share","employment_rate"
0,"(04) Chandigarh 04",358,2.51396648044693,33.5195530726257
0,"(11) Sikkim 11",503,5.56660039761431,35.1888667992048
0,"(12) Arunachal Pradesh 12",668,1.64917541229385,38.0239520958084
0,"(13) Nagaland 13",508,0,36.6141732283465
0,"(14) Manipur 14",481,0,31.3929313929314
0,"(15) Mizoram 15",347,0,53.8904899135447
0,"(16) Tripura 16",919,1.95865070729053,42.1109902067465
0,"(17) Meghalaya 17",686,2.91545189504373,43.731778425656
0,"(25) Daman & Diu 25",272,1.10294117647059,41.1764705882353
0,"(26) Dadra+Nagar Haveli 26",314,0,45.859872611465
0,"(34) Pondicherry 34",418,0.956937799043062,39.9521531100478
1,"(02) Himachal Pradesh 02",573,5.93368237347295,65.7940663176265
1,"(03) Punjab 03",1082,0,33.826247689464
1,"(06) Haryana 06",212,28.3018867924528,36.3207547169811
1,"(07) Delhi 07",573,4.53752181500873,28.6212914485166
1,"(09) Uttar Pradesh 09",534,32.9588014981273,39.8876404494382
1,"(19) West Bengal 19",586,2.73037542662116,48.9761092150171
1,"(21) Orissa 21",318,3.45911949685535,56.6037735849057
1,"(22) Chhattisgarh 22",311,3.21543408360129,60.128617363344
1,"(23) Madhya Pradesh 23",167,0,51.497005988024
1,"(24) Gujarat 24",397,30.9823677581864,42.5692695214106
1,"(27) Maharashtra 27",376,2.65957446808511,45.4787234042553
1,"(28) Andhra Pradesh 28",511,8.6105675146771,51.46771037182
1,"(29) Karnataka 29",344,14.8255813953488,42.7325581395349
1,"(30) Goa 30",607,1.81219110378913,26.3591433278418
1,"(33) Tamil Nadu 33",263,0,45.6273764258555
2,"(01) Jammu & Kashmir 01",1083,95.9372114496768,41.735918744229
2,"(02) Himachal Pradesh 02",1156,0,50
2,"(03) Punjab 03",683,0,38.7994143484627
2,"(06) Haryana 06",1161,0.344530577088717,34.8837209302326
2,"(07) Delhi 07",131,0,37.4045801526718
2,"(09) Uttar Pradesh 09",442,10.8597285067873,42.3076923076923
2,"(10) Bihar 10",849,6.36042402826855,32.979976442874
2,"(18) Assam 18",1046,80.8795411089866,31.2619502868069
2,"(19) West Bengal 19",777,15.1866151866152,41.1840411840412
2,"(20) Jharkhand 20",568,17.9577464788732,37.5
2,"(21) Orissa 21",357,0,36.6946778711485
2,"(22) Chhattisgarh 22",800,7.75,46.5
2,"(23) Madhya Pradesh 23",582,1.03092783505155,45.0171821305842
2,"(27) Maharashtra 27",357,22.1288515406162,34.1736694677871
2,"(28) Andhra Pradesh 28",702,1.13960113960114,47.1509971509972
2,"(29) Karnataka 29",853,13.3645955451348,47.3622508792497
2,"(30) Goa 30",150,0,20
2,"(32) Kerala 32",421,32.4582338902148,27.5534441805226
2,"(33) Tamil Nadu 33",671,5.39730134932534,34.7242921013413
3,"(01) Jammu & Kashmir 01",628,96.474358974359,33.2802547770701
3,"(03) Punjab 03",552,0,38.9492753623188
3,"(06) Haryana 06",204,61.2745098039216,32.3529411764706
3,"(07) Delhi 07",135,44.4444444444444,34.8148148148148
3,"(08) Rajasthan 08",217,45.7943925233645,31.3364055299539
3,"(09) Uttar Pradesh 09",731,70.0410396716826,35.4309165526676
3,"(18) Assam 18",182,36.8131868131868,32.967032967033
3,"(21) Orissa 21",242,4.95867768595041,48.3471074380165
3,"(22) Chhattisgarh 22",154,0,66.8831168831169
3,"(24) Gujarat 24",87,0,57.4712643678161
3,"(27) Maharashtra 27",728,21.8406593406593,50.2747252747253
3,"(28) Andhra Pradesh 28",800,10.375,49
3,"(29) Karnataka 29",507,33.1360946745562,43.5897435897436
3,"(33) Tamil Nadu 33",166,5.42168674698795,35.5421686746988
4,"(02) Himachal Pradesh 02",643,2.95489891135303,61.8973561430793
4,"(03) Punjab 03",505,0.792079207920792,35.4455445544554
4,"(06) Haryana 06",560,1.07142857142857,44.6428571428571
4,"(07) Delhi 07",116,0,29.3103448275862
4,"(08) Rajasthan 08",1082,0.739371534195933,55.7301293900185
4,"(09) Uttar Pradesh 09",1439,72.133425990271,34.5378735232801
4,"(19) West Bengal 19",186,2.1505376344086,35.4838709677419
4,"(22) Chhattisgarh 22",574,0,60.1045296167247
4,"(23) Madhya Pradesh 23",210,4.76190476190476,35.7142857142857
4,"(24) Gujarat 24",301,37.8737541528239,48.5049833887043
4,"(28) Andhra Pradesh 28",1004,4.58167330677291,54.6812749003984
4,"(32) Kerala 32",403,36.4764267990074,27.5434243176179
4,"(33) Tamil Nadu 33",286,15.3846153846154,36.7132867132867
5,"(01) Jammu & Kashmir 01",760,98.1578947368421,48.1578947368421
5,"(02) Himachal Pradesh 02",1270,0.708661417322835,70.5511811023622
5,"(03) Punjab 03",466,0,36.6952789699571
5,"(05) Uttarakhand 05",322,1.86335403726708,37.888198757764
5,"(06) Haryana 06",945,0,41.9047619047619
5,"(08) Rajasthan 08",856,3.97196261682243,49.0654205607477
5,"(09) Uttar Pradesh 09",446,23.3183856502242,42.6008968609865
5,"(10) Bihar 10",823,13.4872417982989,40.5832320777643
5,"(21) Orissa 21",787,1.52477763659466,44.5997458703939
5,"(22) Chhattisgarh 22",98,0,63.265306122449
5,"(23) Madhya Pradesh 23",1059,1.88857412653447,57.2237960339943
5,"(27) Maharashtra 27",450,8.44444444444444,54.2222222222222
5,"(28) Andhra Pradesh 28",590,17.2881355932203,35.0847457627119
5,"(29) Karnataka 29",1185,22.654268808115,55.0210970464135
5,"(32) Kerala 32",1095,73.7899543378995,25.662100456621
5,"(33) Tamil Nadu 33",479,0,49.8956158663883
6,"(02) Himachal Pradesh 02",644,0,61.9565217391304
6,"(06) Haryana 06",334,1.49700598802395,44.311377245509
6,"(08) Rajasthan 08",1071,22.5957049486461,46.031746031746
6,"(09) Uttar Pradesh 09",214,25.7009345794392,51.8691588785047
6,"(10) Bihar 10",203,14.7783251231527,33.0049261083744
6,"(18) Assam 18",1259,43.1294678316124,40.6671961874504
6,"(19) West Bengal 19",1022,55.8708414872798,45.8904109589041
6,"(21) Orissa 21",523,0,40.1529636711281
6,"(22) Chhattisgarh 22",196,0,62.2448979591837
6,"(24) Gujarat 24",560,0.892857142857143,38.3928571428571
6,"(27) Maharashtra 27",382,0,59.1623036649215
6,"(28) Andhra Pradesh 28",391,12.2762148337596,29.6675191815857
6,"(29) Karnataka 29",330,16.969696969697,48.1818181818182
6,"(32) Kerala 32",396,35.7868020304569,31.0606060606061
6,"(33) Tamil Nadu 33",166,3.01204819277108,39.1566265060241
7,"(03) Punjab 03",699,3.29041487839771,45.3505007153076
7,"(07) Delhi 07",305,2.62295081967213,34.7540983606557
7,"(08) Rajasthan 08",825,7.15151515151515,50.0606060606061
7,"(09) Uttar Pradesh 09",233,39.4849785407725,27.8969957081545
7,"(19) West Bengal 19",784,52.4234693877551,40.5612244897959
7,"(21) Orissa 21",450,1.11111111111111,50.4444444444444
7,"(22) Chhattisgarh 22",301,0,54.8172757475083
7,"(24) Gujarat 24",1475,8.49184782608696,38.4406779661017
7,"(27) Maharashtra 27",1075,16,46.3255813953488
7,"(28) Andhra Pradesh 28",157,15.9235668789809,37.5796178343949
7,"(29) Karnataka 29",645,23.7209302325581,46.8217054263566
7,"(32) Kerala 32",782,23.3632862644416,39.002557544757
8,"(02) Himachal Pradesh 02",755,0,75.6291390728477
8,"(05) Uttarakhand 05",135,0,59.2592592592593
8,"(06) Haryana 06",1293,4.02165506573859,38.4377416860015
8,"(07) Delhi 07",105,0,48.5714285714286
8,"(08) Rajasthan 08",776,1.03092783505155,46.3917525773196
8,"(19) West Bengal 19",812,36.8226600985222,47.2906403940887
8,"(21) Orissa 21",1179,7.97285835453774,39.1009329940628
8,"(22) Chhattisgarh 22",250,2,59.6
8,"(23) Madhya Pradesh 23",799,1.00125156445557,53.8172715894869
8,"(24) Gujarat 24",801,8.86392009987516,46.5667915106117
8,"(27) Maharashtra 27",235,6.38297872340426,34.0425531914894
8,"(29) Karnataka 29",366,24.5901639344262,46.9945355191257
8,"(32) Kerala 32",696,11.3505747126437,39.367816091954
9,"(02) Himachal Pradesh 02",148,2.7027027027027,38.5135135135135
9,"(03) Punjab 03",921,0.651465798045603,38.9793702497286
9,"(05) Uttarakhand 05",417,0,58.7529976019185
9,"(06) Haryana 06",672,4.16666666666667,41.5178571428571
9,"(07) Delhi 07",264,4.54545454545455,28.030303030303
9,"(08) Rajasthan 08",161,0,40.9937888198758
9,"(09) Uttar Pradesh 09",474,26.3713080168776,29.957805907173
9,"(10) Bihar 10",214,4.20560747663551,35.981308411215
9,"(18) Assam 18",778,28.2945736434109,38.4318766066838
9,"(19) West Bengal 19",1847,14.9972929074174,38.3324309691391
9,"(21) Orissa 21",627,0,32.3763955342903
9,"(22) Chhattisgarh 22",800,3.25,60.625
9,"(23) Madhya Pradesh 23",626,0,67.0926517571885
9,"(24) Gujarat 24",189,0,36.5079365079365
9,"(27) Maharashtra 27",223,26.457399103139,41.7040358744395
9,"(29) Karnataka 29",365,11.2328767123288,47.945205479452
9,"(32) Kerala 32",251,3.58565737051793,54.9800796812749
9,"(33) Tamil Nadu 33",202,0,52.4752475247525
10,"(02) Himachal Pradesh 02",626,3.19488817891374,61.8210862619808
10,"(03) Punjab 03",234,0,37.6068376068376
10,"(06) Haryana 06",299,0,48.8294314381271
10,"(07) Delhi 07",2553,20.0940070505288,31.4531923227575
10,"(08) Rajasthan 08",377,2.6525198938992,44.5623342175066
10,"(09) Uttar Pradesh 09",382,34.5549738219895,27.7486910994764
10,"(19) West Bengal 19",845,16.6863905325444,41.6568047337278
10,"(22) Chhattisgarh 22",1335,2.02247191011236,53.2584269662921
10,"(23) Madhya Pradesh 23",455,0,55.3846153846154
10,"(24) Gujarat 24",630,6.34920634920635,44.7619047619048
10,"(27) Maharashtra 27",234,0,53.8461538461538
10,"(28) Andhra Pradesh 28",396,6.81818181818182,51.010101010101
10,"(29) Karnataka 29",475,0.631578947368421,47.7894736842105
10,"(32) Kerala 32",651,3.07219662058372,36.2519201228879
10,"(33) Tamil Nadu 33",564,1.06382978723404,56.9148936170213
11,"(02) Himachal Pradesh 02",797,0.627352572145546,63.9899623588457
11,"(03) Punjab 03",2021,0,45.3735774369124
11,"(05) Uttarakhand 05",493,7.30223123732252,53.3468559837728
11,"(07) Delhi 07",248,2.82258064516129,30.6451612903226
11,"(08) Rajasthan 08",125,0,45.6
11,"(19) West Bengal 19",1232,17.6136363636364,40.9090909090909
11,"(22) Chhattisgarh 22",557,0,43.6265709156194
11,"(27) Maharashtra 27",173,0,57.2254335260116
11,"(29) Karnataka 29",417,21.1031175059952,57.0743405275779
11,"(32) Kerala 32",900,16.8888888888889,36.6666666666667
12,"(01) Jammu & Kashmir 01",441,21.9954648526077,68.0272108843537
12,"(05) Uttarakhand 05",259,34.3629343629344,47.1042471042471
12,"(06) Haryana 06",674,2.37388724035608,44.3620178041543
12,"(07) Delhi 07",206,2.42718446601942,32.0388349514563
12,"(08) Rajasthan 08",653,35.8346094946401,31.2404287901991
12,"(10) Bihar 10",326,0,36.5030674846626
12,"(19) West Bengal 19",528,35.6060606060606,43.5606060606061
12,"(20) Jharkhand 20",1297,31.8427139552814,37.0084811102544
12,"(21) Orissa 21",314,0,34.7133757961783
12,"(22) Chhattisgarh 22",91,0,67.032967032967
12,"(23) Madhya Pradesh 23",973,6.5775950668037,51.9013360739979
12,"(24) Gujarat 24",1020,11.1764705882353,48.6274509803922
12,"(29) Karnataka 29",1256,10.4299363057325,47.4522292993631
12,"(32) Kerala 32",478,0,42.8870292887029
12,"(33) Tamil Nadu 33",943,1.90880169671262,45.3870625662778
13,"(01) Jammu & Kashmir 01",1213,2.55564715581204,43.363561417972
13,"(05) Uttarakhand 05",714,41.1764705882353,35.4341736694678
13,"(06) Haryana 06",489,0,43.1492842535787
13,"(08) Rajasthan 08",887,6.98985343855693,47.9143179255919
13,"(19) West Bengal 19",179,0,40.7821229050279
13,"(20) Jharkhand 20",678,21.5339233038348,29.9410029498525
13,"(21) Orissa 21",224,1.33928571428571,37.0535714285714
13,"(22) Chhattisgarh 22",296,0,59.4594594594595
13,"(23) Madhya Pradesh 23",657,0,59.3607305936073
13,"(24) Gujarat 24",156,28.8461538461538,33.974358974359
13,"(27) Maharashtra 27",653,0,60.7963246554365
13,"(28) Andhra Pradesh 28",461,1.7353579175705,45.5531453362256
13,"(29) Karnataka 29",590,3.22033898305085,54.7457627118644
13,"(32) Kerala 32",170,4.70588235294118,38.2352941176471
13,"(33) Tamil Nadu 33",165,4.84848484848485,42.4242424242424
14,"(08) Rajasthan 08",517,43.1334622823985,31.5280464216634
14,"(09) Uttar Pradesh 09",720,22.6388888888889,41.25
14,"(10) Bihar 10",854,23.4192037470726,36.6510538641686
14,"(18) Assam 18",188,20.7446808510638,21.8085106382979
14,"(20) Jharkhand 20",1100,22,49.7272727272727
14,"(21) Orissa 21",152,0,42.1052631578947
14,"(22) Chhattisgarh 22",197,0,71.0659898477157
14,"(24) Gujarat 24",209,36.3636363636364,35.4066985645933
14,"(27) Maharashtra 27",480,1.25,54.375
14,"(28) Andhra Pradesh 28",160,0,33.125
14,"(29) Karnataka 29",231,2.5974025974026,64.0692640692641
14,"(32) Kerala 32",537,15.4425612052731,28.6778398510242
14,"(33) Tamil Nadu 33",64,0,54.6875
15,"(08) Rajasthan 08",1441,24.2192921582235,45.8015267175573
15,"(09) Uttar Pradesh 09",489,22.0858895705521,34.1513292433538
15,"(21) Orissa 21",656,0,39.9390243902439
15,"(22) Chhattisgarh 22",363,0,72.4517906336088
15,"(23) Madhya Pradesh 23",118,0,57.6271186440678
15,"(24) Gujarat 24",508,6.10236220472441,40.9448818897638
15,"(27) Maharashtra 27",258,0,30.6201550387597
15,"(28) Andhra Pradesh 28",624,7.05128205128205,43.5897435897436
15,"(29) Karnataka 29",786,19.2061459667093,51.9083969465649
15,"(33) Tamil Nadu 33",945,1.69671261930011,47.5132275132275
16,"(03) Punjab 03",1017,5.21140609636185,43.0678466076696
16,"(10) Bihar 10",770,15.8441558441558,34.9350649350649
16,"(19) West Bengal 19",579,24.6977547495682,40.9326424870466
16,"(21) Orissa 21",273,4.02930402930403,32.967032967033
16,"(23) Madhya Pradesh 23",447,6.93512304250559,49.4407158836689
16,"(24) Gujarat 24",351,2.27920227920228,43.019943019943
16,"(27) Maharashtra 27",254,0,56.2992125984252
16,"(28) Andhra Pradesh 28",625,7.52,44.96
16,"(29) Karnataka 29",645,8.21705426356589,48.6821705426357
16,"(33) Tamil Nadu 33",185,0,54.5945945945946
17,"(03) Punjab 03",189,0,37.037037037037
17,"(06) Haryana 06",711,1.40646976090014,42.6160337552743
17,"(10) Bihar 10",278,47.1223021582734,29.136690647482
17,"(18) Assam 18",884,4.88636363636364,38.8009049773756
17,"(19) West Bengal 19",819,24.4200244200244,30.2808302808303
17,"(20) Jharkhand 20",442,0,50
17,"(21) Orissa 21",375,0,34.1333333333333
17,"(23) Madhya Pradesh 23",368,0,58.695652173913
17,"(27) Maharashtra 27",486,2.05761316872428,46.5020576131687
17,"(28) Andhra Pradesh 28",122,13.1147540983607,37.7049180327869
17,"(29) Karnataka 29",761,5.25624178712221,54.4021024967148
17,"(33) Tamil Nadu 33",225,3.55555555555556,44
18,"(06) Haryana 06",1156,40.6574394463668,32.1799307958478
18,"(08) Rajasthan 08",254,0,38.9763779527559
18,"(19) West Bengal 19",375,14.9333333333333,32
18,"(20) Jharkhand 20",357,4.76190476190476,23.249299719888
18,"(21) Orissa 21",713,4.62833099579243,35.0631136044881
18,"(27) Maharashtra 27",659,15.6297420333839,41.2746585735964
18,"(28) Andhra Pradesh 28",337,1.18694362017804,51.9287833827893
18,"(29) Karnataka 29",960,16.7708333333333,51.3541666666667
19,"(06) Haryana 06",858,0.699300699300699,42.8904428904429
19,"(09) Uttar Pradesh 09",231,0,32.9004329004329
19,"(18) Assam 18",133,5.42635658914729,25.5639097744361
19,"(21) Orissa 21",470,0,29.3617021276596
19,"(24) Gujarat 24",1172,4.8759623609923,48.037542662116
19,"(28) Andhra Pradesh 28",157,8.9171974522293,24.203821656051
19,"(29) Karnataka 29",1551,10.7027724049001,55.4480980012895
20,"(08) Rajasthan 08",970,8.35051546391752,46.1855670103093
20,"(09) Uttar Pradesh 09",199,52.7638190954774,35.678391959799
20,"(21) Orissa 21",168,0,41.0714285714286
20,"(23) Madhya Pradesh 23",701,0,58.7731811697575
20,"(24) Gujarat 24",389,0,61.9537275064267
20,"(27) Maharashtra 27",672,1.04166666666667,56.547619047619
20,"(28) Andhra Pradesh 28",614,22.9641693811075,49.5114006514658
20,"(29) Karnataka 29",1537,10.4954367666232,36.7599219258295
21,"(08) Rajasthan 08",220,34.0909090909091,30.4545454545455
21,"(18) Assam 18",181,16.0220994475138,28.7292817679558
21,"(21) Orissa 21",303,0,54.7854785478548
21,"(23) Madhya Pradesh 23",768,8.203125,53.90625
21,"(24) Gujarat 24",566,0.88339222614841,48.9399293286219
21,"(27) Maharashtra 27",887,2.71800679501699,27.5084554678692
21,"(28) Andhra Pradesh 28",440,17.5,40
21,"(29) Karnataka 29",639,3.28638497652582,50.2347417840376
22,"(10) Bihar 10",594,38.2154882154882,23.4006734006734
22,"(21) Orissa 21",145,0,54.4827586206897
22,"(23) Madhya Pradesh 23",276,23.1884057971014,42.0289855072464
22,"(24) Gujarat 24",553,18.625678119349,32.5497287522604
22,"(28) Andhra Pradesh 28",538,6.13382899628253,57.6208178438662
22,"(29) Karnataka 29",185,4.32432432432432,33.5135135135135
23,"(09) Uttar Pradesh 09",810,13.3333333333333,49.1358024691358
23,"(10) Bihar 10",109,0,29.3577981651376
23,"(21) Orissa 21",324,0,53.3950617283951
23,"(23) Madhya Pradesh 23",1098,2.00364298724954,62.1129326047359
23,"(27) Maharashtra 27",1460,4.45205479452055,32.8082191780822
23,"(28) Andhra Pradesh 28",475,6.52631578947368,46.1052631578947
23,"(33) Tamil Nadu 33",437,2.74599542334096,44.8512585812357
24,"(08) Rajasthan 08",1144,16.2587412587413,54.3706293706294
24,"(09) Uttar Pradesh 09",868,30.0691244239631,45.3917050691244
24,"(21) Orissa 21",523,0,51.0516252390057
24,"(29) Karnataka 29",559,13.0590339892665,50.8050089445438
24,"(33) Tamil Nadu 33",346,6.35838150289017,33.5260115606936
25,"(08) Rajasthan 08",289,0.346020761245675,56.0553633217993
25,"(23) Madhya Pradesh 23",894,1.90156599552573,56.4876957494407
25,"(27) Maharashtra 27",1268,3.70662460567823,39.3533123028391
25,"(29) Karnataka 29",875,30.9714285714286,52
25,"(33) Tamil Nadu 33",135,2.96296296296296,37.7777777777778
26,"(08) Rajasthan 08",687,4.80349344978166,52.6928675400291
26,"(10) Bihar 10",203,25.1231527093596,32.512315270936
26,"(21) Orissa 21",181,3.31491712707182,32.5966850828729
26,"(23) Madhya Pradesh 23",424,19.1037735849057,41.2735849056604
26,"(27) Maharashtra 27",696,4.31034482758621,56.4655172413793
26,"(29) Karnataka 29",1159,4.57290767903365,48.9214840379638
27,"(10) Bihar 10",875,19.7714285714286,34.8571428571429
27,"(21) Orissa 21",199,5.0251256281407,32.1608040201005
27,"(23) Madhya Pradesh 23",630,6.19047619047619,53.6507936507937
27,"(27) Maharashtra 27",645,5.11627906976744,57.5193798449612
27,"(29) Karnataka 29",615,6.50406504065041,54.4715447154472
27,"(33) Tamil Nadu 33",171,32.7485380116959,27.4853801169591
28,"(09) Uttar Pradesh 09",210,3.80952380952381,34.7619047619048
28,"(10) Bihar 10",432,26.3888888888889,34.9537037037037
28,"(21) Orissa 21",123,0,39.8373983739837
28,"(23) Madhya Pradesh 23",164,0,58.5365853658537
28,"(33) Tamil Nadu 33",180,0,32.2222222222222
29,"(08) Rajasthan 08",416,13.7019230769231,36.0576923076923
29,"(09) Uttar Pradesh 09",688,10.1744186046512,44.0406976744186
29,"(21) Orissa 21",368,0,54.3478260869565
29,"(23) Madhya Pradesh 23",250,72.8,38.8
29,"(27) Maharashtra 27",231,21.2121212121212,34.6320346320346
29,"(29) Karnataka 29",354,5.93220338983051,54.2372881355932
29,"(33) Tamil Nadu 33",570,13.2042253521127,42.9824561403509
30,"(08) Rajasthan 08",196,6.12244897959184,41.3265306122449
30,"(09) Uttar Pradesh 09",263,1.90114068441065,47.5285171102662
30,"(10) Bihar 10",266,19.5488721804511,30.4511278195489
30,"(23) Madhya Pradesh 23",285,19.6491228070175,49.4736842105263
30,"(27) Maharashtra 27",1308,5.8868501529052,37.5382262996942
30,"(33) Tamil Nadu 33",471,18.0467091295117,34.8195329087049
31,"(08) Rajasthan 08",192,21.3541666666667,44.7916666666667
31,"(10) Bihar 10",272,0,40.0735294117647
31,"(27) Maharashtra 27",1164,4.03780068728522,40.1202749140894
32,"(08) Rajasthan 08",984,20.3252032520325,54.5731707317073
32,"(10) Bihar 10",1159,13.8912855910267,31.2338222605695
32,"(23) Madhya Pradesh 23",197,75.6345177664975,38.5786802030457
32,"(27) Maharashtra 27",388,4.12371134020619,43.5567010309278
33,"(09) Uttar Pradesh 09",246,18.2926829268293,47.9674796747967
34,"(09) Uttar Pradesh 09",654,43.4250764525994,42.2018348623853
34,"(27) Maharashtra 27",241,3.7344398340249,26.9709543568465
35,"(10) Bihar 10",268,11.1940298507463,23.8805970149254
35,"(23) Madhya Pradesh 23",813,0,59.409594095941
36,"(09) Uttar Pradesh 09",385,14.025974025974,32.2077922077922
36,"(23) Madhya Pradesh 23",407,1.71990171990172,61.6707616707617
37,"(23) Madhya Pradesh 23",507,0,52.0710059171598
38,"(23) Madhya Pradesh 23",196,19.8979591836735,37.2448979591837
39,"(23) Madhya Pradesh 23",150,6,34
40,"(09) Uttar Pradesh 09",258,0,37.2093023255814
41,"(09) Uttar Pradesh 09",125,0,44
41,"(23) Madhya Pradesh 23",226,0,69.0265486725664
42,"(09) Uttar Pradesh 09",400,3.5,56.25
42,"(23) Madhya Pradesh 23",298,0,67.4496644295302
44,"(09) Uttar Pradesh 09",196,6.12244897959184,41.8367346938776
44,"(23) Madhya Pradesh 23",418,1.19617224880383,57.6555023923445
45,"(09) Uttar Pradesh 09",793,6.17906683480454,40.7313997477932
46,"(09) Uttar Pradesh 09",232,45.2586206896552,27.5862068965517
47,"(09) Uttar Pradesh 09",543,9.57642725598527,42.7255985267035
48,"(09) Uttar Pradesh 09",396,12.3737373737374,40.9090909090909
49,"(09) Uttar Pradesh 09",845,13.2544378698225,49.2307692307692
50,"(09) Uttar Pradesh 09",362,35.6353591160221,55.2486187845304
51,"(09) Uttar Pradesh 09",327,23.5474006116208,60.5504587155963
54,"(09) Uttar Pradesh 09",1030,35.0485436893204,52.3300970873786
58,"(09) Uttar Pradesh 09",253,29.6442687747036,35.5731225296443
59,"(09) Uttar Pradesh 09",791,20.7332490518331,45.8912768647282
60,"(09) Uttar Pradesh 09",161,13.0434782608696,44.0993788819876
62,"(09) Uttar Pradesh 09",324,63.8888888888889,36.7283950617284
63,"(09) Uttar Pradesh 09",253,11.4624505928854,35.5731225296443
65,"(09) Uttar Pradesh 09",1330,14.2105263157895,42.8571428571429
66,"(09) Uttar Pradesh 09",606,5.11551155115512,50
67,"(09) Uttar Pradesh 09",694,8.06916426512968,39.6253602305475
68,"(09) Uttar Pradesh 09",927,11.5426105717368,45.4153182308522
