"district_id","state_id","n_nonmuslim","n_muslim","employment_rate_nonmuslim","employment_rate_muslim","within_gap"
0,"(11) Sikkim 11",475,28,36,21.4285714285714,-14.5714285714286
0,"(17) Meghalaya 17",666,20,44.1441441441441,30,-14.1441441441441
1,"(02) Himachal Pradesh 02",539,34,66.6048237476809,52.9411764705882,-13.6636472770926
1,"(06) Haryana 06",152,60,38.1578947368421,31.6666666666667,-6.49122807017545
1,"(07) Delhi 07",547,26,28.8848263254113,23.0769230769231,-5.80790324848826
1,"(09) Uttar Pradesh 09",358,176,41.6201117318436,36.3636363636364,-5.25647536820721
1,"(24) Gujarat 24",274,123,44.1605839416058,39.0243902439024,-5.1361936977034
1,"(28) Andhra Pradesh 28",467,44,52.6766595289079,38.6363636363636,-14.0402958925443
1,"(29) Karnataka 29",293,51,41.9795221843003,47.0588235294118,5.07930134511142
2,"(01) Jammu & Kashmir 01",44,1039,40.9090909090909,41.7709335899904,0.861842680899464
2,"(09) Uttar Pradesh 09",394,48,43.9086294416244,29.1666666666667,-14.7419627749577
2,"(10) Bihar 10",795,54,33.4591194968553,25.9259259259259,-7.53319357092942
2,"(18) Assam 18",200,846,36,30.1418439716312,-5.8581560283688
2,"(19) West Bengal 19",659,118,41.2746585735964,40.6779661016949,-0.596692471901434
2,"(20) Jharkhand 20",466,102,37.3390557939914,38.2352941176471,0.896238323655645
2,"(22) Chhattisgarh 22",738,62,46.8834688346883,41.9354838709677,-4.9479849637206
2,"(27) Maharashtra 27",278,79,34.8920863309352,31.6455696202532,-3.24651671068208
2,"(29) Karnataka 29",739,114,47.7672530446549,44.7368421052632,-3.03041093939178
2,"(32) Kerala 32",283,136,34.2756183745583,13.9705882352941,-20.3050301392642
2,"(33) Tamil Nadu 33",631,36,34.86529318542,33.3333333333333,-1.53195985208664
3,"(01) Jammu & Kashmir 01",22,602,18.1818181818182,33.8870431893688,15.7052250075506
3,"(06) Haryana 06",79,125,32.9113924050633,32,-0.911392405063289
3,"(07) Delhi 07",75,60,44,23.3333333333333,-20.6666666666667
3,"(08) Rajasthan 08",116,98,27.5862068965517,35.7142857142857,8.12807881773399
3,"(09) Uttar Pradesh 09",219,512,47.0319634703196,30.46875,-16.5632134703196
3,"(18) Assam 18",115,67,32.1739130434783,34.3283582089552,2.15444516547696
3,"(27) Maharashtra 27",569,159,52.3725834797891,42.7672955974843,-9.60528788230482
3,"(28) Andhra Pradesh 28",717,83,50.7670850767085,33.7349397590361,-17.0321453176724
3,"(29) Karnataka 29",339,168,48.377581120944,33.9285714285714,-14.4490096923725
4,"(09) Uttar Pradesh 09",401,1038,38.4039900249377,33.0443159922929,-5.35967403264478
4,"(24) Gujarat 24",187,114,49.7326203208556,46.4912280701754,-3.24139225068018
4,"(28) Andhra Pradesh 28",958,46,55.6367432150313,34.7826086956522,-20.8541345193791
4,"(32) Kerala 32",256,147,30.46875,22.4489795918367,-8.01977040816326
4,"(33) Tamil Nadu 33",242,44,35.9504132231405,40.9090909090909,4.95867768595041
5,"(08) Rajasthan 08",822,34,49.0267639902676,50,0.973236009732361
5,"(09) Uttar Pradesh 09",342,104,44.4444444444444,36.5384615384615,-7.90598290598291
5,"(10) Bihar 10",712,111,41.9943820224719,31.5315315315315,-10.4628504909404
5,"(23) Madhya Pradesh 23",1039,20,57.6515880654475,35,-22.6515880654475
5,"(27) Maharashtra 27",412,38,56.3106796116505,31.5789473684211,-24.7317322432294
5,"(28) Andhra Pradesh 28",488,102,36.8852459016393,26.4705882352941,-10.4146576663452
5,"(29) Karnataka 29",915,268,59.2349726775956,40.6716417910448,-18.5633308865509
5,"(32) Kerala 32",287,808,36.5853658536585,21.7821782178218,-14.8031876358368
6,"(08) Rajasthan 08",829,242,46.4414957780458,44.6280991735537,-1.81339660449212
6,"(09) Uttar Pradesh 09",159,55,56.6037735849057,38.1818181818182,-18.4219554030875
6,"(10) Bihar 10",173,30,33.5260115606936,30,-3.52601156069364
6,"(18) Assam 18",716,543,39.9441340782123,41.6206261510129,1.67649207280061
6,"(19) West Bengal 19",451,571,46.3414634146341,45.5341506129597,-0.807312801674428
6,"(28) Andhra Pradesh 28",343,48,30.9037900874636,20.8333333333333,-10.0704567541302
6,"(29) Karnataka 29",274,56,50,39.2857142857143,-10.7142857142857
6,"(32) Kerala 32",253,141,32.8063241106719,26.9503546099291,-5.85596950074286
7,"(03) Punjab 03",676,23,46.0059171597633,26.0869565217391,-19.9189606380242
7,"(08) Rajasthan 08",766,59,50.5221932114883,44.0677966101695,-6.45439660131876
7,"(09) Uttar Pradesh 09",141,92,29.7872340425532,25,-4.78723404255319
7,"(19) West Bengal 19",373,411,44.7721179624665,36.7396593673966,-8.0324585950699
7,"(24) Gujarat 24",1347,125,39.1982182628062,30.4,-8.79821826280624
7,"(27) Maharashtra 27",903,172,48.8372093023256,33.1395348837209,-15.6976744186046
7,"(28) Andhra Pradesh 28",132,25,41.6666666666667,16,-25.6666666666667
7,"(29) Karnataka 29",492,153,48.5772357723577,41.1764705882353,-7.40076518412243
7,"(32) Kerala 32",597,182,42.5460636515913,27.4725274725275,-15.0735361790638
8,"(06) Haryana 06",1241,52,38.7590652699436,30.7692307692308,-7.98983450071282
8,"(19) West Bengal 19",513,299,48.5380116959064,45.1505016722408,-3.38751002366563
8,"(21) Orissa 21",1085,94,39.4470046082949,35.1063829787234,-4.34062162957153
8,"(24) Gujarat 24",730,71,47.1232876712329,40.8450704225352,-6.27821724869766
8,"(29) Karnataka 29",276,90,44.9275362318841,53.3333333333333,8.40579710144928
8,"(32) Kerala 32",617,79,40.5186385737439,30.379746835443,-10.1388917383009
9,"(06) Haryana 06",644,28,42.5465838509317,17.8571428571429,-24.6894409937888
9,"(09) Uttar Pradesh 09",349,125,30.0859598853868,29.6,-0.485959885386823
9,"(18) Assam 18",555,219,41.6216216216216,30.5936073059361,-11.0280143156855
9,"(19) West Bengal 19",1570,277,38.0891719745223,39.7111913357401,1.62201936121777
9,"(22) Chhattisgarh 22",774,26,60.594315245478,61.5384615384615,0.944146292983504
9,"(27) Maharashtra 27",164,59,41.4634146341463,42.3728813559322,0.909466721785861
9,"(29) Karnataka 29",324,41,49.6913580246914,34.1463414634146,-15.5450165612767
10,"(02) Himachal Pradesh 02",606,20,62.7062706270627,35,-27.7062706270627
10,"(07) Delhi 07",2040,513,33.7254901960784,22.4171539961014,-11.3083361999771
10,"(09) Uttar Pradesh 09",250,132,28.4,26.5151515151515,-1.88484848484848
10,"(19) West Bengal 19",704,141,41.6193181818182,41.8439716312057,0.224653449387496
10,"(22) Chhattisgarh 22",1308,27,53.6697247706422,33.3333333333333,-20.3363914373089
10,"(24) Gujarat 24",590,40,45.0847457627119,40,-5.08474576271186
10,"(28) Andhra Pradesh 28",369,27,49.5934959349593,70.3703703703704,20.776874435411
10,"(32) Kerala 32",631,20,36.4500792393027,30,-6.4500792393027
11,"(05) Uttarakhand 05",457,36,54.0481400437637,44.4444444444444,-9.60369559931924
11,"(19) West Bengal 19",1015,217,39.6059113300493,47.0046082949309,7.39869696488162
11,"(29) Karnataka 29",329,88,58.3586626139818,52.2727272727273,-6.08593534125448
11,"(32) Kerala 32",748,152,39.1711229946524,24.3421052631579,-14.8290177314945
12,"(01) Jammu & Kashmir 01",344,97,72.3837209302326,52.5773195876289,-19.8064013426037
12,"(05) Uttarakhand 05",170,89,50,41.5730337078652,-8.42696629213483
12,"(08) Rajasthan 08",419,234,33.6515513126492,26.9230769230769,-6.72847438957224
12,"(19) West Bengal 19",340,188,45.8823529411765,39.3617021276596,-6.52065081351689
12,"(20) Jharkhand 20",884,413,35.4072398190045,40.4358353510896,5.02859553208506
12,"(23) Madhya Pradesh 23",909,64,51.2651265126513,60.9375,9.67237348734874
12,"(24) Gujarat 24",906,114,48.233995584989,51.7543859649123,3.52039037992332
12,"(29) Karnataka 29",1125,131,47.7333333333333,45.0381679389313,-2.69516539440204
13,"(01) Jammu & Kashmir 01",1182,31,43.824027072758,25.8064516129032,-18.0175754598548
13,"(05) Uttarakhand 05",420,294,42.3809523809524,25.5102040816327,-16.8707482993197
13,"(08) Rajasthan 08",825,62,48.7272727272727,37.0967741935484,-11.6304985337243
13,"(20) Jharkhand 20",532,146,29.1353383458647,32.8767123287671,3.74137398290246
13,"(24) Gujarat 24",111,45,36.9369369369369,26.6666666666667,-10.2702702702703
14,"(08) Rajasthan 08",294,223,36.734693877551,24.6636771300448,-12.0710167475062
14,"(09) Uttar Pradesh 09",557,163,44.524236983842,30.0613496932515,-14.4628872905905
14,"(10) Bihar 10",654,200,38.3792048929664,31,-7.37920489296636
14,"(18) Assam 18",149,39,20.1342281879195,28.2051282051282,8.07090001720874
14,"(20) Jharkhand 20",858,242,54.8951048951049,31.404958677686,-23.4901462174189
14,"(24) Gujarat 24",133,76,38.3458646616541,30.2631578947368,-8.08270676691729
14,"(32) Kerala 32",449,82,29.8440979955457,23.1707317073171,-6.67336628822859
15,"(08) Rajasthan 08",1092,349,46.7032967032967,42.9799426934097,-3.72335400988696
15,"(09) Uttar Pradesh 09",381,108,36.2204724409449,26.8518518518519,-9.36862058909303
15,"(24) Gujarat 24",477,31,41.0901467505241,38.7096774193548,-2.38046933116927
15,"(28) Andhra Pradesh 28",580,44,44.3103448275862,34.0909090909091,-10.2194357366771
15,"(29) Karnataka 29",631,150,56.418383518225,33.3333333333333,-23.0850501848917
16,"(03) Punjab 03",964,53,43.1535269709544,41.5094339622642,-1.64409300869021
16,"(10) Bihar 10",648,122,36.4197530864198,27.0491803278689,-9.3705727585509
16,"(19) West Bengal 19",436,143,39.2201834862385,46.1538461538462,6.93366266760762
16,"(23) Madhya Pradesh 23",416,31,50.7211538461538,32.258064516129,-18.4630893300248
16,"(28) Andhra Pradesh 28",578,47,45.8477508650519,34.0425531914894,-11.8051976735625
16,"(29) Karnataka 29",592,53,50,33.9622641509434,-16.0377358490566
17,"(10) Bihar 10",147,131,31.2925170068027,26.7175572519084,-4.57495975489433
17,"(18) Assam 18",837,43,39.3070489844683,32.5581395348837,-6.74890944958462
17,"(19) West Bengal 19",619,200,31.0177705977383,28,-3.01777059773828
17,"(29) Karnataka 29",721,40,54.9237170596394,45,-9.92371705963939
18,"(06) Haryana 06",686,470,29.7376093294461,35.7446808510638,6.00707152161777
18,"(19) West Bengal 19",319,56,31.974921630094,32.1428571428571,0.167935512763101
18,"(21) Orissa 21",680,33,35.7352941176471,21.2121212121212,-14.5231729055258
18,"(27) Maharashtra 27",556,103,43.1654676258993,31.0679611650485,-12.0975064608507
18,"(29) Karnataka 29",799,161,51.188986232791,52.1739130434783,0.98492681068727
19,"(24) Gujarat 24",1112,57,48.8309352517986,33.3333333333333,-15.4976019184652
19,"(29) Karnataka 29",1385,166,57.2563176895307,40.3614457831325,-16.8948719063982
20,"(08) Rajasthan 08",889,81,45.8942632170979,49.3827160493827,3.48845283228485
20,"(09) Uttar Pradesh 09",94,105,27.6595744680851,42.8571428571429,15.1975683890577
20,"(28) Andhra Pradesh 28",473,141,53.276955602537,36.8794326241135,-16.3975229784235
20,"(29) Karnataka 29",1373,161,37.5091041514931,30.4347826086957,-7.07432154279743
21,"(08) Rajasthan 08",145,75,32.4137931034483,26.6666666666667,-5.7471264367816
21,"(18) Assam 18",152,29,30.9210526315789,17.2413793103448,-13.6796733212341
21,"(23) Madhya Pradesh 23",705,63,55.4609929078014,36.5079365079365,-18.9530563998649
21,"(27) Maharashtra 27",859,24,27.8230500582072,20.8333333333333,-6.98971672487388
21,"(28) Andhra Pradesh 28",363,77,41.3223140495868,33.7662337662338,-7.55608028335301
21,"(29) Karnataka 29",618,21,49.5145631067961,71.4285714285714,21.9140083217753
22,"(10) Bihar 10",367,227,28.8828337874659,14.5374449339207,-14.3453888535452
22,"(23) Madhya Pradesh 23",212,64,42.4528301886792,40.625,-1.82783018867924
22,"(24) Gujarat 24",450,103,33.1111111111111,30.0970873786408,-3.01402373247034
22,"(28) Andhra Pradesh 28",505,33,57.8217821782178,54.5454545454545,-3.27632763276328
23,"(09) Uttar Pradesh 09",702,108,50.4273504273504,40.7407407407407,-9.68660968660969
23,"(23) Madhya Pradesh 23",1076,22,62.546468401487,40.9090909090909,-21.6373774923961
23,"(27) Maharashtra 27",1395,65,32.9749103942652,29.2307692307692,-3.744141163496
23,"(28) Andhra Pradesh 28",444,31,47.0720720720721,32.258064516129,-14.814007555943
24,"(08) Rajasthan 08",958,186,55.741127348643,47.3118279569892,-8.42929939165376
24,"(09) Uttar Pradesh 09",607,261,48.1054365733114,39.0804597701149,-9.02497680319642
24,"(29) Karnataka 29",486,73,52.880658436214,36.986301369863,-15.894357066351
24,"(33) Tamil Nadu 33",324,22,33.9506172839506,27.2727272727273,-6.67789001122335
25,"(27) Maharashtra 27",1221,47,40.04914004914,21.2765957446809,-18.7725443044592
25,"(29) Karnataka 29",604,271,58.9403973509934,36.5313653136531,-22.4090320373402
26,"(08) Rajasthan 08",654,33,53.5168195718654,36.3636363636364,-17.1531832082291
26,"(10) Bihar 10",152,51,36.1842105263158,21.5686274509804,-14.6155830753354
26,"(23) Madhya Pradesh 23",343,81,42.8571428571429,34.5679012345679,-8.28924162257496
26,"(27) Maharashtra 27",666,30,56.9069069069069,46.6666666666667,-10.2402402402402
26,"(29) Karnataka 29",1106,53,50.1808318264015,22.6415094339623,-27.5393223924392
27,"(10) Bihar 10",702,173,37.4643874643875,24.2774566473988,-13.1869308169886
27,"(23) Madhya Pradesh 23",591,39,55.4991539763113,25.6410256410256,-29.8581283352857
27,"(27) Maharashtra 27",612,33,57.3529411764706,60.6060606060606,3.25311942959002
27,"(29) Karnataka 29",575,40,55.304347826087,42.5,-12.804347826087
27,"(33) Tamil Nadu 33",115,56,24.3478260869565,33.9285714285714,9.58074534161491
28,"(10) Bihar 10",318,114,36.1635220125786,31.5789473684211,-4.58457464415756
29,"(08) Rajasthan 08",359,57,36.4902506963788,33.3333333333333,-3.1569173630455
29,"(09) Uttar Pradesh 09",618,70,44.336569579288,41.4285714285714,-2.90799815071659
29,"(23) Madhya Pradesh 23",68,182,33.8235294117647,40.6593406593407,6.83581124757595
29,"(27) Maharashtra 27",182,49,34.0659340659341,36.734693877551,2.66875981161696
29,"(29) Karnataka 29",333,21,56.7567567567568,14.2857142857143,-42.4710424710425
29,"(33) Tamil Nadu 33",493,75,45.841784989858,24,-21.841784989858
30,"(10) Bihar 10",214,52,29.9065420560748,32.6923076923077,2.78576563623293
30,"(23) Madhya Pradesh 23",229,56,52.8384279475983,35.7142857142857,-17.1241422333125
30,"(27) Maharashtra 27",1231,77,38.0991064175467,28.5714285714286,-9.52767784611814
30,"(33) Tamil Nadu 33",386,85,38.860103626943,16.4705882352941,-22.3895153916489
31,"(08) Rajasthan 08",151,41,46.3576158940397,39.0243902439024,-7.33322565013729
31,"(27) Maharashtra 27",1117,47,40.1969561324978,38.2978723404255,-1.89908379207223
32,"(08) Rajasthan 08",784,200,57.3979591836735,43.5,-13.8979591836735
32,"(10) Bihar 10",998,161,32.2645290581162,24.8447204968944,-7.41980856122182
32,"(23) Madhya Pradesh 23",48,149,45.8333333333333,36.241610738255,-9.59172259507829
33,"(09) Uttar Pradesh 09",201,45,49.7512437810945,40,-9.75124378109453
34,"(09) Uttar Pradesh 09",370,284,50.5405405405405,31.3380281690141,-19.2025123715264
35,"(10) Bihar 10",238,30,23.9495798319328,23.3333333333333,-0.616246498599441
36,"(09) Uttar Pradesh 09",331,54,30.5135951661631,42.5925925925926,12.0789974264295
38,"(23) Madhya Pradesh 23",157,39,36.3057324840764,41.025641025641,4.71990854156459
45,"(09) Uttar Pradesh 09",744,49,41.8010752688172,24.4897959183673,-17.3112793504499
46,"(09) Uttar Pradesh 09",127,105,27.5590551181102,27.6190476190476,0.0599925009373834
47,"(09) Uttar Pradesh 09",491,52,43.5845213849287,34.6153846153846,-8.9691367695441
48,"(09) Uttar Pradesh 09",347,49,42.3631123919308,30.6122448979592,-11.7508674939717
49,"(09) Uttar Pradesh 09",733,112,48.5675306957708,53.5714285714286,5.00389787565776
50,"(09) Uttar Pradesh 09",233,129,57.9399141630901,50.3875968992248,-7.55231726386533
51,"(09) Uttar Pradesh 09",250,77,65.6,44.1558441558442,-21.4441558441559
54,"(09) Uttar Pradesh 09",669,361,53.0642750373692,50.9695290858726,-2.09474595149663
58,"(09) Uttar Pradesh 09",178,75,37.6404494382022,30.6666666666667,-6.97378277153558
59,"(09) Uttar Pradesh 09",627,164,47.8468899521531,38.4146341463415,-9.43225580581165
60,"(09) Uttar Pradesh 09",140,21,45.7142857142857,33.3333333333333,-12.3809523809524
62,"(09) Uttar Pradesh 09",117,207,34.1880341880342,38.1642512077295,3.97621701969528
63,"(09) Uttar Pradesh 09",224,29,34.8214285714286,41.3793103448276,6.55788177339902
65,"(09) Uttar Pradesh 09",1141,189,45.9246275197195,24.3386243386243,-21.5860031810952
66,"(09) Uttar Pradesh 09",575,31,50.4347826086956,41.9354838709677,-8.49929873772791
67,"(09) Uttar Pradesh 09",638,56,39.8119122257053,37.5,-2.31191222570533
68,"(09) Uttar Pradesh 09",820,107,45.2439024390244,46.7289719626168,1.48506952359244
