"district_id","state_id","n_non","n_dalit","emp_rate_non","emp_rate_dalit","within_gap"
0,"(04) Chandigarh 04",310,48,33.2258064516129,35.4166666666667,2.19086021505377
0,"(11) Sikkim 11",476,27,34.8739495798319,40.7407407407407,5.86679116090881
0,"(16) Tripura 16",763,156,41.9397116644823,42.9487179487179,1.00900628423565
0,"(34) Pondicherry 34",373,45,40.2144772117962,37.7777777777778,-2.43669943401846
1,"(02) Himachal Pradesh 02",408,165,64.4607843137255,69.0909090909091,4.6301247771836
1,"(03) Punjab 03",630,452,32.5396825396825,35.6194690265487,3.07978648686613
1,"(06) Haryana 06",135,77,37.7777777777778,33.7662337662338,-4.01154401154401
1,"(07) Delhi 07",360,213,28.8888888888889,28.169014084507,-0.719874804381842
1,"(09) Uttar Pradesh 09",284,250,42.6056338028169,36.8,-5.8056338028169
1,"(19) West Bengal 19",306,280,51.3071895424837,46.4285714285714,-4.87861811391222
1,"(21) Orissa 21",272,46,58.0882352941177,47.8260869565217,-10.2621483375959
1,"(24) Gujarat 24",322,75,43.167701863354,40,-3.16770186335403
1,"(28) Andhra Pradesh 28",325,186,49.2307692307692,55.3763440860215,6.14557485525227
1,"(29) Karnataka 29",304,40,43.421052631579,37.5,-5.92105263157895
1,"(33) Tamil Nadu 33",71,192,39.4366197183099,47.9166666666667,8.48004694835682
2,"(02) Himachal Pradesh 02",964,192,51.6597510373444,41.6666666666667,-9.99308437067774
2,"(03) Punjab 03",380,303,35.5263157894737,42.9042904290429,7.37797463956922
2,"(06) Haryana 06",700,461,35,34.70715835141,-0.29284164859002
2,"(09) Uttar Pradesh 09",344,98,45.6395348837209,30.6122448979592,-15.0272899857617
2,"(10) Bihar 10",635,214,31.6535433070866,36.9158878504673,5.26234454338067
2,"(18) Assam 18",944,102,31.0381355932203,33.3333333333333,2.29519774011299
2,"(19) West Bengal 19",380,397,41.0526315789474,41.3098236775819,0.257192098634491
2,"(20) Jharkhand 20",453,115,36.8653421633554,40,3.13465783664459
2,"(21) Orissa 21",292,65,36.3013698630137,38.4615384615385,2.16016859852477
2,"(22) Chhattisgarh 22",779,21,46.5982028241335,42.8571428571429,-3.74105996699065
2,"(23) Madhya Pradesh 23",386,196,46.1139896373057,42.8571428571429,-3.25684678016285
2,"(27) Maharashtra 27",334,23,34.1317365269461,34.7826086956522,0.650872168706059
2,"(28) Andhra Pradesh 28",631,71,45.9587955625991,57.7464788732394,11.7876833106404
2,"(29) Karnataka 29",671,182,46.3487332339791,51.0989010989011,4.75016786492196
2,"(33) Tamil Nadu 33",477,190,34.8008385744235,34.7368421052632,-0.0639964691603225
3,"(03) Punjab 03",316,236,39.2405063291139,38.5593220338983,-0.681184295215616
3,"(06) Haryana 06",180,24,32.2222222222222,33.3333333333333,1.11111111111111
3,"(09) Uttar Pradesh 09",674,57,35.0148367952522,40.3508771929825,5.33604039773023
3,"(18) Assam 18",156,26,33.3333333333333,30.7692307692308,-2.56410256410256
3,"(21) Orissa 21",185,57,48.6486486486487,47.3684210526316,-1.28022759601708
3,"(22) Chhattisgarh 22",132,22,70.4545454545455,45.4545454545455,-25
3,"(27) Maharashtra 27",666,62,50.3003003003003,50,-0.300300300300307
3,"(28) Andhra Pradesh 28",577,223,46.9670710571924,54.2600896860987,7.29301862890628
3,"(29) Karnataka 29",384,123,43.75,43.0894308943089,-0.660569105691053
3,"(33) Tamil Nadu 33",106,60,31.1320754716981,43.3333333333333,12.2012578616352
4,"(02) Himachal Pradesh 02",494,149,62.3481781376518,60.4026845637584,-1.94549357389343
4,"(03) Punjab 03",224,281,34.8214285714286,35.9430604982206,1.12163192679207
4,"(06) Haryana 06",459,101,44.6623093681917,44.5544554455446,-0.107853922647166
4,"(08) Rajasthan 08",594,488,58.0808080808081,52.8688524590164,-5.21195562179169
4,"(09) Uttar Pradesh 09",1275,164,34.3529411764706,35.9756097560976,1.62266857962697
4,"(19) West Bengal 19",151,35,36.4238410596026,31.4285714285714,-4.99526963103122
4,"(22) Chhattisgarh 22",530,44,60.5660377358491,54.5454545454545,-6.02058319039451
4,"(23) Madhya Pradesh 23",184,26,36.4130434782609,30.7692307692308,-5.6438127090301
4,"(24) Gujarat 24",260,41,49.6153846153846,41.4634146341463,-8.15196998123827
4,"(28) Andhra Pradesh 28",723,281,54.6334716459198,54.8042704626335,0.170798816713678
4,"(33) Tamil Nadu 33",248,38,37.5,31.5789473684211,-5.92105263157895
5,"(02) Himachal Pradesh 02",720,550,74.4444444444444,65.4545454545455,-8.98989898989899
5,"(03) Punjab 03",201,265,43.7810945273632,31.3207547169811,-12.4603398103821
5,"(05) Uttarakhand 05",217,105,37.3271889400922,39.0476190476191,1.72043010752689
5,"(06) Haryana 06",484,461,43.1818181818182,40.5639913232104,-2.61782685860776
5,"(08) Rajasthan 08",699,157,47.0672389127325,57.9617834394904,10.894544526758
5,"(09) Uttar Pradesh 09",360,86,41.9444444444444,45.3488372093023,3.40439276485788
5,"(10) Bihar 10",632,191,41.4556962025316,37.696335078534,-3.75936112399761
5,"(21) Orissa 21",666,121,45.945945945946,37.1900826446281,-8.75586330131785
5,"(23) Madhya Pradesh 23",853,206,55.9202813599062,62.621359223301,6.70107786339477
5,"(27) Maharashtra 27",351,99,52.4216524216524,60.6060606060606,8.18440818440819
5,"(28) Andhra Pradesh 28",436,154,34.4036697247706,37.012987012987,2.60931728821637
5,"(29) Karnataka 29",938,245,54.6908315565032,56.3265306122449,1.6356990557417
5,"(32) Kerala 32",968,127,23.7603305785124,40.1574803149606,16.3971497364482
5,"(33) Tamil Nadu 33",321,158,51.4018691588785,46.8354430379747,-4.56642612090381
6,"(02) Himachal Pradesh 02",469,175,61.407249466951,63.4285714285714,2.02132196162046
6,"(06) Haryana 06",256,78,45.3125,41.025641025641,-4.28685897435898
6,"(08) Rajasthan 08",844,227,44.0758293838863,53.3039647577093,9.22813537382299
6,"(09) Uttar Pradesh 09",124,90,48.3870967741936,56.6666666666667,8.27956989247311
6,"(10) Bihar 10",150,53,30,41.5094339622642,11.5094339622642
6,"(18) Assam 18",1085,174,40.2764976958525,43.1034482758621,2.82695058000953
6,"(19) West Bengal 19",768,254,44.6614583333333,49.6062992125984,4.9448408792651
6,"(21) Orissa 21",436,87,41.0550458715596,35.632183908046,-5.42286196351365
6,"(22) Chhattisgarh 22",106,90,63.2075471698113,61.1111111111111,-2.09643605870021
6,"(24) Gujarat 24",493,67,39.3509127789047,31.3432835820896,-8.00762919681511
6,"(27) Maharashtra 27",320,62,58.125,64.5161290322581,6.39112903225806
6,"(28) Andhra Pradesh 28",307,84,28.0130293159609,35.7142857142857,7.7012563983248
6,"(29) Karnataka 29",288,42,47.5694444444444,52.3809523809524,4.81150793650794
6,"(32) Kerala 32",355,39,30.1408450704225,35.8974358974359,5.75659082701337
6,"(33) Tamil Nadu 33",97,69,36.0824742268041,43.4782608695652,7.3957866427611
7,"(03) Punjab 03",469,230,47.9744136460554,40,-7.97441364605544
7,"(07) Delhi 07",173,132,40.4624277456647,27.2727272727273,-13.1897004729375
7,"(08) Rajasthan 08",659,166,51.1380880121396,45.7831325301205,-5.35495548201912
7,"(09) Uttar Pradesh 09",154,79,27.9220779220779,27.8481012658228,-0.0739766562551374
7,"(19) West Bengal 19",476,308,39.0756302521008,42.8571428571429,3.78151260504201
7,"(21) Orissa 21",408,42,50.9803921568627,45.2380952380952,-5.7422969187675
7,"(22) Chhattisgarh 22",247,54,55.0607287449393,53.7037037037037,-1.35702504123556
7,"(24) Gujarat 24",1251,221,38.8489208633094,36.1990950226244,-2.64982584068492
7,"(27) Maharashtra 27",851,224,44.3008225616921,54.0178571428571,9.71703458116501
7,"(28) Andhra Pradesh 28",128,29,38.28125,34.4827586206897,-3.79849137931034
7,"(29) Karnataka 29",551,94,45.1905626134301,56.3829787234042,11.1924161099741
7,"(32) Kerala 32",656,123,37.8048780487805,45.5284552845528,7.72357723577235
8,"(02) Himachal Pradesh 02",521,234,74.2802303262956,78.6324786324786,4.35224830618306
8,"(05) Uttarakhand 05",45,90,62.2222222222222,57.7777777777778,-4.44444444444445
8,"(06) Haryana 06",856,437,39.4859813084112,36.3844393592677,-3.10154194914349
8,"(08) Rajasthan 08",590,186,47.4576271186441,43.010752688172,-4.44687443047203
8,"(19) West Bengal 19",411,401,44.5255474452555,50.1246882793017,5.59914083404627
8,"(21) Orissa 21",893,286,37.0660694288914,45.4545454545455,8.38847602565407
8,"(22) Chhattisgarh 22",229,21,60.2620087336244,52.3809523809524,-7.88105635267206
8,"(23) Madhya Pradesh 23",511,288,54.7945205479452,52.0833333333333,-2.71118721461187
8,"(24) Gujarat 24",721,80,46.7406380027739,45,-1.74063800277393
8,"(27) Maharashtra 27",133,102,30.0751879699248,39.2156862745098,9.14049830458499
8,"(29) Karnataka 29",337,29,47.4777448071217,41.3793103448276,-6.09843446229408
8,"(32) Kerala 32",600,96,39.5,38.5416666666667,-0.958333333333329
9,"(03) Punjab 03",616,305,37.6623376623377,41.6393442622951,3.97700659995742
9,"(05) Uttarakhand 05",193,224,58.5492227979275,58.9285714285714,0.379348630643975
9,"(06) Haryana 06",543,129,42.1731123388582,38.7596899224806,-3.41342241637757
9,"(07) Delhi 07",171,93,27.4853801169591,29.0322580645161,1.54687794755707
9,"(08) Rajasthan 08",98,63,38.7755102040816,44.4444444444444,5.66893424036281
9,"(09) Uttar Pradesh 09",394,80,29.1878172588832,33.75,4.56218274111675
9,"(18) Assam 18",658,116,37.6899696048632,43.1034482758621,5.41347867099884
9,"(19) West Bengal 19",1070,777,34.2990654205608,43.8867438867439,9.58767846618314
9,"(21) Orissa 21",493,134,31.6430020283976,35.0746268656716,3.43162483727408
9,"(22) Chhattisgarh 22",667,133,59.6701649175412,65.4135338345865,5.74336891704525
9,"(23) Madhya Pradesh 23",363,263,69.1460055096419,64.2585551330799,-4.88745037656201
9,"(24) Gujarat 24",99,90,36.3636363636364,36.6666666666667,0.303030303030297
9,"(27) Maharashtra 27",170,53,41.1764705882353,43.3962264150943,2.21975582685905
9,"(29) Karnataka 29",261,104,49.0421455938697,45.1923076923077,-3.84983790156203
9,"(32) Kerala 32",228,23,54.3859649122807,60.8695652173913,6.48360030511061
9,"(33) Tamil Nadu 33",61,141,49.1803278688525,53.9007092198582,4.7203813510057
10,"(02) Himachal Pradesh 02",364,262,61.2637362637363,62.5954198473283,1.33168358359198
10,"(03) Punjab 03",182,52,37.9120879120879,36.5384615384615,-1.37362637362638
10,"(06) Haryana 06",184,115,50.5434782608696,46.0869565217391,-4.45652173913044
10,"(07) Delhi 07",1764,789,31.1791383219955,32.0659062103929,0.88676788839744
10,"(08) Rajasthan 08",292,85,46.5753424657534,37.6470588235294,-8.92828364222401
10,"(09) Uttar Pradesh 09",357,25,28.0112044817927,24,-4.01120448179272
10,"(19) West Bengal 19",493,352,42.1906693711968,40.9090909090909,-1.28157846210584
10,"(22) Chhattisgarh 22",1092,243,54.5787545787546,47.3251028806584,-7.25365169809614
10,"(23) Madhya Pradesh 23",332,123,56.0240963855422,53.6585365853659,-2.36555980017631
10,"(24) Gujarat 24",553,77,44.6654611211573,45.4545454545455,0.789084333388132
10,"(27) Maharashtra 27",195,39,54.3589743589744,51.2820512820513,-3.07692307692308
10,"(28) Andhra Pradesh 28",305,91,49.8360655737705,54.9450549450549,5.10898937128445
10,"(32) Kerala 32",593,58,35.9190556492412,39.6551724137931,3.73611676455195
10,"(33) Tamil Nadu 33",282,282,52.1276595744681,61.7021276595745,9.57446808510637
11,"(02) Himachal Pradesh 02",563,234,65.0088809946714,61.5384615384615,-3.47041945620986
11,"(03) Punjab 03",989,1030,42.7704752275025,47.8640776699029,5.09360244240038
11,"(05) Uttarakhand 05",307,186,49.185667752443,60.2150537634409,11.0293860109979
11,"(07) Delhi 07",118,130,29.6610169491525,31.5384615384615,1.877444589309
11,"(08) Rajasthan 08",94,31,46.8085106382979,41.9354838709677,-4.87302676733013
11,"(19) West Bengal 19",884,348,40.9502262443439,40.8045977011494,-0.145628543194462
11,"(29) Karnataka 29",375,42,55.4666666666667,71.4285714285714,15.9619047619048
11,"(32) Kerala 32",841,59,36.2663495838288,42.3728813559322,6.10653177210342
12,"(01) Jammu & Kashmir 01",405,36,67.4074074074074,75,7.5925925925926
12,"(06) Haryana 06",493,181,46.2474645030426,39.2265193370166,-7.02094516602602
12,"(07) Delhi 07",165,41,33.3333333333333,26.8292682926829,-6.5040650406504
12,"(08) Rajasthan 08",557,96,31.7773788150808,28.125,-3.65237881508079
12,"(10) Bihar 10",250,76,37.6,32.8947368421053,-4.70526315789473
12,"(19) West Bengal 19",460,68,43.0434782608696,47.0588235294118,4.01534526854219
12,"(20) Jharkhand 20",1128,169,38.386524822695,27.810650887574,-10.5758739351211
12,"(21) Orissa 21",233,81,34.3347639484979,35.8024691358025,1.46770518730462
12,"(23) Madhya Pradesh 23",810,163,51.8518518518518,52.1472392638037,0.295387411951829
12,"(24) Gujarat 24",890,130,48.7640449438202,47.6923076923077,-1.07173725151253
12,"(29) Karnataka 29",1048,208,46.3740458015267,52.8846153846154,6.51056958308867
12,"(32) Kerala 32",438,40,41.7808219178082,55,13.2191780821918
12,"(33) Tamil Nadu 33",666,277,43.993993993994,48.7364620938628,4.74246809986882
13,"(01) Jammu & Kashmir 01",928,285,41.8103448275862,48.4210526315789,6.61070780399274
13,"(05) Uttarakhand 05",490,224,33.0612244897959,40.625,7.56377551020408
13,"(06) Haryana 06",332,157,49.0963855421687,30.5732484076433,-18.5231371345254
13,"(08) Rajasthan 08",680,207,49.1176470588235,43.9613526570048,-5.1562944018187
13,"(20) Jharkhand 20",531,147,27.8719397363465,37.4149659863946,9.54302625004804
13,"(22) Chhattisgarh 22",242,54,57.8512396694215,66.6666666666667,8.81542699724518
13,"(23) Madhya Pradesh 23",597,60,60.3015075376884,50,-10.3015075376884
13,"(27) Maharashtra 27",566,87,61.3074204946996,57.4712643678161,-3.83615612688356
13,"(28) Andhra Pradesh 28",392,69,45.6632653061224,44.9275362318841,-0.735729074238392
13,"(29) Karnataka 29",442,148,55.6561085972851,52.027027027027,-3.62908157025804
13,"(33) Tamil Nadu 33",78,87,35.8974358974359,48.2758620689655,12.3784261715296
14,"(08) Rajasthan 08",425,92,30.8235294117647,34.7826086956522,3.95907928388747
14,"(09) Uttar Pradesh 09",524,196,38.7404580152672,47.9591836734694,9.2187256582022
14,"(10) Bihar 10",691,163,38.0607814761216,30.6748466257669,-7.38593485035469
14,"(20) Jharkhand 20",967,133,50.4653567735264,44.3609022556391,-6.10445451788728
14,"(21) Orissa 21",107,45,43.9252336448598,37.7777777777778,-6.14745586708204
14,"(27) Maharashtra 27",410,70,56.3414634146341,42.8571428571429,-13.4843205574913
14,"(32) Kerala 32",454,77,28.1938325991189,32.4675324675325,4.27369986841352
14,"(33) Tamil Nadu 33",38,26,57.8947368421053,50,-7.89473684210527
15,"(08) Rajasthan 08",1123,318,44.2564559216385,51.2578616352201,7.00140571358166
15,"(09) Uttar Pradesh 09",313,176,32.5878594249201,36.9318181818182,4.34395875689805
15,"(21) Orissa 21",404,252,39.1089108910891,41.2698412698413,2.16093037875216
15,"(23) Madhya Pradesh 23",80,38,62.5,47.3684210526316,-15.1315789473684
15,"(24) Gujarat 24",480,28,41.0416666666667,39.2857142857143,-1.75595238095238
15,"(27) Maharashtra 27",150,108,28,34.2592592592593,6.25925925925926
15,"(28) Andhra Pradesh 28",456,168,42.1052631578947,47.6190476190476,5.51378446115288
15,"(29) Karnataka 29",631,150,51.3470681458003,54.6666666666667,3.31959852086635
15,"(33) Tamil Nadu 33",729,214,46.9135802469136,50,3.08641975308642
16,"(03) Punjab 03",810,207,42.7160493827161,44.4444444444444,1.72839506172839
16,"(10) Bihar 10",638,132,35.5799373040752,31.8181818181818,-3.76175548589342
16,"(19) West Bengal 19",451,128,41.2416851441242,39.84375,-1.39793514412417
16,"(21) Orissa 21",250,23,31.6,47.8260869565217,16.2260869565217
16,"(23) Madhya Pradesh 23",412,35,50.9708737864078,31.4285714285714,-19.5423023578363
16,"(24) Gujarat 24",309,42,42.3948220064725,47.6190476190476,5.22422561257512
16,"(27) Maharashtra 27",196,58,54.0816326530612,63.7931034482759,9.71147079521464
16,"(28) Andhra Pradesh 28",454,171,43.1718061674009,49.7076023391813,6.5357961717804
16,"(29) Karnataka 29",536,109,48.3208955223881,50.4587155963303,2.13782007394222
16,"(33) Tamil Nadu 33",70,115,54.2857142857143,54.7826086956522,0.496894409937887
17,"(06) Haryana 06",454,257,49.5594713656388,30.3501945525292,-19.2092768131096
17,"(18) Assam 18",602,278,40.531561461794,35.6115107913669,-4.92005067042711
17,"(19) West Bengal 19",716,103,29.7486033519553,33.9805825242718,4.23197917231654
17,"(21) Orissa 21",306,69,33.0065359477124,39.1304347826087,6.12389883489628
17,"(27) Maharashtra 27",408,78,44.3627450980392,57.6923076923077,13.3295625942685
17,"(29) Karnataka 29",569,192,53.9543057996485,55.7291666666667,1.77486086701816
18,"(06) Haryana 06",1019,137,32.2865554465162,31.3868613138686,-0.899694132647575
18,"(19) West Bengal 19",324,51,32.0987654320988,31.3725490196078,-0.726216412490924
18,"(21) Orissa 21",445,268,31.9101123595506,40.2985074626866,8.388395103136
18,"(27) Maharashtra 27",600,59,42.3333333333333,30.5084745762712,-11.8248587570621
18,"(28) Andhra Pradesh 28",217,120,50.2304147465438,55,4.76958525345622
18,"(29) Karnataka 29",732,228,53.551912568306,44.2982456140351,-9.25366695427093
19,"(06) Haryana 06",489,369,44.5807770961145,40.650406504065,-3.93037059204948
19,"(09) Uttar Pradesh 09",167,64,31.7365269461078,35.9375,4.20097305389222
19,"(18) Assam 18",98,31,24.4897959183673,29.0322580645161,4.54246214614879
19,"(21) Orissa 21",352,118,26.7045454545455,37.2881355932203,10.5835901386749
19,"(24) Gujarat 24",1061,108,48.1621112158341,47.2222222222222,-0.939888993611895
19,"(28) Andhra Pradesh 28",96,61,22.9166666666667,26.2295081967213,3.31284153005465
19,"(29) Karnataka 29",1224,327,55.2287581699346,56.2691131498471,1.04035497991245
20,"(08) Rajasthan 08",657,313,46.2709284627093,46.0063897763578,-0.26453868635145
20,"(21) Orissa 21",58,110,46.551724137931,38.1818181818182,-8.36990595611285
20,"(23) Madhya Pradesh 23",552,149,59.0579710144928,57.7181208053691,-1.33985020912362
20,"(27) Maharashtra 27",604,68,55.794701986755,63.2352941176471,7.44059213089209
20,"(28) Andhra Pradesh 28",431,183,46.1716937354988,57.3770491803279,11.205355444829
20,"(29) Karnataka 29",1190,344,36.7226890756303,36.9186046511628,0.195915575532531
21,"(18) Assam 18",148,33,27.7027027027027,33.3333333333333,5.63063063063063
21,"(23) Madhya Pradesh 23",510,258,56.078431372549,49.6124031007752,-6.46602827177382
21,"(24) Gujarat 24",538,28,49.4423791821561,39.2857142857143,-10.1566648964418
21,"(27) Maharashtra 27",755,128,27.2847682119205,29.6875,2.40273178807947
21,"(28) Andhra Pradesh 28",373,67,37.8016085790885,52.2388059701493,14.4371973910608
21,"(29) Karnataka 29",518,121,50.5791505791506,48.7603305785124,-1.81882000063818
22,"(10) Bihar 10",509,85,23.7721021611002,21.1764705882353,-2.5956315728649
22,"(21) Orissa 21",90,55,54.4444444444444,54.5454545454545,0.101010101010097
22,"(24) Gujarat 24",514,39,32.6848249027237,30.7692307692308,-1.91559413349296
22,"(28) Andhra Pradesh 28",341,197,59.5307917888563,54.3147208121827,-5.21607097667357
22,"(29) Karnataka 29",162,23,32.0987654320988,43.4782608695652,11.3794954374665
23,"(09) Uttar Pradesh 09",611,199,46.9721767594108,55.7788944723618,8.80671771295101
23,"(21) Orissa 21",265,59,52.4528301886792,57.6271186440678,5.17428845538856
23,"(23) Madhya Pradesh 23",868,230,63.594470046083,56.5217391304348,-7.07273091564817
23,"(27) Maharashtra 27",1230,230,33.1707317073171,30.8695652173913,-2.30116648992577
23,"(28) Andhra Pradesh 28",405,70,43.9506172839506,58.5714285714286,14.620811287478
23,"(33) Tamil Nadu 33",378,59,43.6507936507937,52.5423728813559,8.89157923056229
24,"(08) Rajasthan 08",912,232,54.0570175438597,55.6034482758621,1.54643073200241
24,"(09) Uttar Pradesh 09",596,272,40.9395973154362,55.1470588235294,14.2074615080932
24,"(21) Orissa 21",430,93,51.3953488372093,49.4623655913978,-1.93298324581145
24,"(29) Karnataka 29",513,46,50.8771929824561,50,-0.877192982456144
24,"(33) Tamil Nadu 33",316,30,33.2278481012658,36.6666666666667,3.43881856540084
25,"(08) Rajasthan 08",235,54,57.0212765957447,51.8518518518518,-5.16942474389284
25,"(23) Madhya Pradesh 23",831,63,56.6787003610108,53.968253968254,-2.71044639275686
25,"(27) Maharashtra 27",1148,120,39.3728222996516,39.1666666666667,-0.206155632984903
25,"(29) Karnataka 29",797,78,51.1919698870765,60.2564102564103,9.06444036933372
25,"(33) Tamil Nadu 33",83,52,39.7590361445783,34.6153846153846,-5.1436515291937
26,"(08) Rajasthan 08",658,29,52.2796352583587,62.0689655172414,9.78933025888272
26,"(10) Bihar 10",177,26,32.7683615819209,30.7692307692308,-1.99913081269013
26,"(21) Orissa 21",143,38,32.1678321678322,34.2105263157895,2.04269414795731
26,"(23) Madhya Pradesh 23",307,117,39.7394136807818,45.2991452991453,5.55973161836354
26,"(27) Maharashtra 27",561,135,57.7540106951872,51.1111111111111,-6.64289958407605
26,"(29) Karnataka 29",880,279,49.8863636363636,45.8781362007168,-4.00822743564679
27,"(10) Bihar 10",621,254,31.4009661835749,43.3070866141732,11.9061204305983
27,"(21) Orissa 21",168,31,32.1428571428571,32.258064516129,0.115207373271886
27,"(23) Madhya Pradesh 23",583,47,54.8885077186964,38.2978723404255,-16.5906353782709
27,"(27) Maharashtra 27",536,109,58.2089552238806,54.1284403669725,-4.08051485690812
27,"(29) Karnataka 29",472,143,54.8728813559322,53.1468531468531,-1.72602820907905
28,"(09) Uttar Pradesh 09",166,44,33.7349397590361,38.6363636363636,4.90142387732749
28,"(10) Bihar 10",372,60,34.1397849462366,40,5.86021505376344
28,"(21) Orissa 21",28,95,42.8571428571429,38.9473684210526,-3.90977443609022
28,"(23) Madhya Pradesh 23",136,28,58.0882352941177,60.7142857142857,2.62605042016806
29,"(08) Rajasthan 08",341,75,36.6568914956012,33.3333333333333,-3.32355816226784
29,"(09) Uttar Pradesh 09",567,121,42.6807760141093,50.4132231404959,7.73244712638652
29,"(21) Orissa 21",223,145,55.6053811659193,52.4137931034483,-3.19158806247101
29,"(29) Karnataka 29",316,38,52.8481012658228,65.7894736842105,12.9413724183877
29,"(33) Tamil Nadu 33",441,127,42.1768707482993,45.6692913385827,3.49242059028336
30,"(08) Rajasthan 08",172,24,40.1162790697674,50,9.88372093023256
30,"(09) Uttar Pradesh 09",236,27,46.1864406779661,59.2592592592593,13.0728185812931
30,"(10) Bihar 10",241,25,31.1203319502075,24,-7.12033195020747
30,"(23) Madhya Pradesh 23",234,51,48.7179487179487,52.9411764705882,4.22322775263952
30,"(27) Maharashtra 27",1092,216,37.8205128205128,36.1111111111111,-1.70940170940171
30,"(33) Tamil Nadu 33",418,53,33.7320574162679,43.3962264150943,9.6641689988264
31,"(08) Rajasthan 08",80,112,47.5,42.8571428571429,-4.64285714285715
31,"(10) Bihar 10",230,42,40.4347826086956,38.0952380952381,-2.33954451345755
31,"(27) Maharashtra 27",919,245,42.8726877040261,29.7959183673469,-13.0767693366792
32,"(08) Rajasthan 08",750,234,54.6666666666667,54.2735042735043,-0.393162393162392
32,"(10) Bihar 10",919,240,30.1414581066376,35.4166666666667,5.27520856002903
32,"(27) Maharashtra 27",345,43,44.6376811594203,34.8837209302326,-9.75396022918773
33,"(09) Uttar Pradesh 09",202,44,48.019801980198,47.7272727272727,-0.292529252925291
34,"(09) Uttar Pradesh 09",502,152,37.0517928286853,59.2105263157895,22.1587334871042
35,"(10) Bihar 10",213,55,19.7183098591549,40,20.2816901408451
35,"(23) Madhya Pradesh 23",732,81,60.3825136612022,50.6172839506173,-9.7652297105849
36,"(09) Uttar Pradesh 09",313,72,32.5878594249201,30.5555555555556,-2.03230386936457
36,"(23) Madhya Pradesh 23",352,55,60.7954545454545,67.2727272727273,6.47727272727273
37,"(23) Madhya Pradesh 23",452,55,52.4336283185841,49.0909090909091,-3.34271922767498
38,"(23) Madhya Pradesh 23",173,23,37.5722543352601,34.7826086956522,-2.78964563960794
40,"(09) Uttar Pradesh 09",221,37,37.5565610859729,35.1351351351351,-2.42142595083772
41,"(09) Uttar Pradesh 09",99,26,44.4444444444444,42.3076923076923,-2.13675213675214
42,"(09) Uttar Pradesh 09",257,143,59.5330739299611,50.3496503496504,-9.18342358031074
44,"(09) Uttar Pradesh 09",116,80,43.9655172413793,38.75,-5.21551724137931
44,"(23) Madhya Pradesh 23",382,36,59.1623036649215,41.6666666666667,-17.4956369982548
45,"(09) Uttar Pradesh 09",684,109,38.7426900584795,53.2110091743119,14.4683191158324
46,"(09) Uttar Pradesh 09",185,47,29.1891891891892,21.2765957446809,-7.91259344450834
47,"(09) Uttar Pradesh 09",469,74,40.2985074626866,58.1081081081081,17.8096006454215
48,"(09) Uttar Pradesh 09",303,93,38.6138613861386,48.3870967741936,9.77323538805494
49,"(09) Uttar Pradesh 09",638,207,49.6865203761755,47.8260869565217,-1.8604334196538
50,"(09) Uttar Pradesh 09",300,62,53.3333333333333,64.5161290322581,11.1827956989247
51,"(09) Uttar Pradesh 09",241,86,59.7510373443983,62.7906976744186,3.03966033002026
54,"(09) Uttar Pradesh 09",792,238,50.8838383838384,57.1428571428571,6.25901875901875
59,"(09) Uttar Pradesh 09",734,57,46.0490463215259,43.859649122807,-2.18939719871887
65,"(09) Uttar Pradesh 09",959,371,40.8759124087591,47.9784366576819,7.10252424892281
66,"(09) Uttar Pradesh 09",412,194,52.1844660194175,45.360824742268,-6.82364127714943
67,"(09) Uttar Pradesh 09",576,118,40.4513888888889,35.5932203389831,-4.85816854990584
68,"(09) Uttar Pradesh 09",747,180,44.8460508701473,47.7777777777778,2.93172690763052
